,date,aapl,googl
0,2013-02-08,100.0,100.0
1,2013-02-11,101.04223467375637,99.62437451933805
2,2013-02-12,98.5094511467234,99.40535929664796
3,2013-02-13,98.32199038526721,99.68039397808627
4,2013-02-14,98.23356549778791,100.31194850280237
5,2013-02-15,96.8799278452918,100.95749517207412
6,2013-02-19,96.84411576586268,102.73500633589745
7,2013-02-20,94.49879300028589,100.9027477264673
8,2013-02-21,93.91135699779821,101.29366280508917
9,2013-02-22,94.91144247518943,101.82589854372306
10,2013-02-25,93.22503249614614,100.68757398346435
11,2013-02-26,94.5239940932175,100.60608882162484
12,2013-02-27,93.59759602205905,101.83480263571299
13,2013-02-28,92.93028287121504,102.01560658363475
14,2013-03-01,90.62917254937791,102.65097714777512
15,2013-03-04,88.43535109101573,104.6008969727868
16,2013-03-05,90.77094711896979,106.77820186695912
17,2013-03-06,89.61685496255205,105.85838372413393
18,2013-03-07,90.65275251937241,106.01321316370785
19,2013-03-08,90.89223658962894,105.87621734837667
20,2013-03-11,92.18707169195126,106.29638872925123
21,2013-03-12,90.19957497104085,105.37835140482403
22,2013-03-13,90.18277424241977,105.08550853940582
23,2013-03-14,91.05655950552801,104.60547622009591
24,2013-03-15,93.40600876585384,103.68387725887274
25,2013-03-18,95.94512940982283,102.85470277250528
26,2013-03-19,95.68619186432083,103.30418133615822
27,2013-03-20,95.17878038500196,103.73557187294013
28,2013-03-21,95.31554421096999,103.29652381704686
29,2013-03-22,97.24836487645568,103.17558080756045
30,2013-03-25,97.59985380418603,103.09025416603384
31,2013-03-26,97.08536833386879,103.4442299830288
32,2013-03-27,95.17878038500196,102.20149858412216
33,2013-03-28,93.19555753365303,101.12278055967052
34,2013-04-01,90.3006740923922,102.01433457049333
35,2013-04-02,90.4863663560988,103.52317111858545
36,2013-04-03,90.94912326724064,102.65250356354481
37,2013-04-04,90.05013691120078,101.23507387979527
38,2013-04-05,89.09853774711071,99.70458766803613
39,2013-04-08,89.73224944071258,98.66049384129398
40,2013-04-09,89.89436173442469,99.01701368457178
41,2013-04-10,91.72814652593352,100.61244888733195
42,2013-04-11,91.44179726531297,100.63918660356464
43,2013-04-12,90.48798747903592,100.59588727623063
44,2013-04-15,88.39320189465057,99.5619949948827
45,2013-04-16,89.73858655764859,101.01862812365087
46,2013-04-17,84.80359358742714,99.64220814358077
47,2013-04-18,82.54035859239369,97.52270352655468
48,2013-04-19,82.22026049971852,101.84625075398579
49,2013-04-22,83.93408219388041,101.87733875516214
50,2013-04-23,85.50465557032578,102.86869491706092
51,2013-04-24,85.36405999923363,103.57588334316598
52,2013-04-25,85.97831821759006,103.02148913560855
53,2013-04-26,87.83641985315573,102.04361631300885
54,2013-04-29,90.55548514314516,104.28968623760647
55,2013-04-30,93.22075862658464,104.99127780588925
56,2013-05-01,92.48609518644386,104.4641301198211
57,2013-05-02,93.79773101738726,105.63300843573676
58,2013-05-03,94.7366559476053,107.68428226785697
59,2013-05-06,96.99561707307727,109.6998888514917
60,2013-05-07,96.56366149774072,109.14981948861511
61,2013-05-08,97.6546772344232,111.23800714209939
62,2013-05-09,96.16619162852115,110.96424447380251
63,2013-05-10,95.36609377164568,112.07837534411135
64,2013-05-13,95.73880467237105,111.7346010725106
65,2013-05-14,93.44815796221897,112.95313878146739
66,2013-05-15,90.28799985852018,116.61890257320627
67,2013-05-16,91.49396794892577,115.08841636144712
68,2013-05-17,91.21646117705315,115.76454222663865
69,2013-05-20,93.25244421126473,115.68178505165773
70,2013-05-21,92.56390908742569,115.48314747949324
71,2013-05-22,92.92055613359231,113.24852567316844
72,2013-05-23,93.08605804799112,112.4043414317322
73,2013-05-24,93.719769741593,111.19854929445246
74,2013-05-28,92.9385358607131,112.2107919121334
75,2013-05-29,93.67762054522785,110.56063470402925
76,2013-05-30,95.07355476890154,110.87258320683164
77,2013-05-31,94.68507476324235,110.93089228923442
78,2013-06-03,94.89243112438137,110.47403604936125
79,2013-06-04,94.59561825207577,109.38794034868933
80,2013-06-05,93.71136937728247,109.46433745796314
81,2013-06-06,92.31130865885973,110.09332251613357
82,2013-06-07,93.01679188613231,112.01472380651458
83,2013-06-10,92.40179679371357,113.35038848553351
84,2013-06-11,92.13018501433956,112.02489991164596
85,2013-06-12,90.99127246360577,111.0279214516621
86,2013-06-13,91.78606482723251,111.66710805522673
87,2013-06-14,90.54074766189859,111.41753907687972
88,2013-06-17,90.95118651461516,112.84489046313237
89,2013-06-18,90.90284757612645,114.67460504627965
90,2013-06-19,89.05638855074557,114.68223712512818
91,2013-06-20,87.75904807661131,112.65263839693782
92,2013-06-21,87.05636497077556,112.16751802506224
93,2013-06-24,84.74891753200242,110.74907073079953
94,2013-06-25,84.76778150799802,110.29196008829805
95,2013-06-26,83.80778197959742,111.24055116838224
96,2013-06-27,82.90452175399606,111.6760121472167
97,2013-06-28,83.48355739217321,112.0962089683541
98,2013-07-01,86.15516799254871,113.05243212728679
99,2013-07-02,88.10685263403002,112.34323392041829
100,2013-07-03,88.59318951516633,112.86781213994078
101,2013-07-05,87.88166392058265,113.76674382698384
102,2013-07-08,87.3826528055743,115.24375460627759
103,2013-07-09,88.91962472477753,115.26286024366176
104,2013-07-10,88.57845203391977,115.35836299031972
105,2013-07-11,89.95920665190953,117.17278797550713
106,2013-07-12,89.79532586044785,117.52421976621926
107,2013-07-15,89.99118698621456,117.73939350922224
108,2013-07-16,90.57125424807897,117.09232042418076
109,2013-07-17,90.59542371732331,116.95761423250416
110,2013-07-18,90.90034220431453,115.95552227969178
111,2013-07-19,89.46697477827459,114.16249255554308
112,2013-07-22,89.75332403889516,115.95806630597463
113,2013-07-23,88.21222562494287,115.07951226945717
114,2013-07-24,92.74282210975886,114.96492932567786
115,2013-07-25,92.31970902317026,113.0295358907412
116,2013-07-26,92.84392123111023,112.73030751935306
117,2013-07-29,94.2755201594006,112.33812042758977
118,2013-07-30,95.43978117787844,113.4395311664844
119,2013-07-31,95.27354238941729,113.0358959564483
120,2013-08-01,96.14644340365076,115.13298770192254
121,2013-08-02,97.38100220767468,115.4322160733107
122,2013-08-05,98.83573898152214,115.2323064880048
123,2013-08-06,97.95149010672883,114.15893091874712
124,2013-08-07,97.89460342911714,113.40513593114034
125,2013-08-08,97.058840867625,113.66106497519446
126,2013-08-09,95.67779150001031,113.37458217548337
127,2013-08-12,98.3956777915,112.75068516987862
128,2013-08-13,103.07173321621949,112.20824788585057
129,2013-08-14,104.95179369884251,110.75161475708238
130,2013-08-15,104.82755673193407,109.45922396513463
131,2013-08-16,105.758228672654,109.10883522519848
132,2013-08-19,106.89714122338779,110.22192304473135
133,2013-08-20,105.49295401021602,110.19264130221582
134,2013-08-21,105.76441841477757,110.69050724576846
135,2013-08-22,105.89086600387299,111.2482086874936
136,2013-08-23,105.4823430237185,110.80254616326494
137,2013-08-26,105.89292925124752,110.31615377824791
138,2013-08-27,102.8654084787677,108.2483437752892
139,2013-08-28,103.35086111102923,108.04461815055905
140,2013-08-29,103.52019477055215,108.92062816079365
141,2013-08-30,102.57611172189782,107.83450701985893
142,2013-09-03,102.86334523139318,109.55091067236835
143,2013-09-04,104.99202702264562,110.98385891644324
144,2013-09-05,104.27180631412645,111.99307414284759
145,2013-09-06,104.89284377385628,111.99561816913044
146,2013-09-09,106.56657951902756,113.07459059621037
147,2013-09-10,104.13916898290746,113.15302292651046
148,2013-09-11,98.46936519773278,114.11054353884741
149,2013-09-12,99.51793698842518,113.71250518663358
150,2013-09-13,97.87780270049605,113.20369993006472
151,2013-09-16,94.76613091009843,113.03716796958973
152,2013-09-17,95.86083101709251,112.82708227915246
153,2013-09-18,97.83152700938189,115.01840475814323
154,2013-09-19,99.43584921788187,114.39066627285139
155,2013-09-20,98.40628877799753,114.99166704191053
156,2013-09-23,103.2970693044793,112.87671623193074
157,2013-09-24,102.97284471705508,112.92001555926475
158,2013-09-25,101.37898612024016,111.69638979774228
159,2013-09-26,102.36639736375936,111.8160862343501
160,2013-09-27,101.63586041836761,111.5894389328115
161,2013-09-30,100.37271090072537,111.52833142149757
162,2013-10-01,102.73277114754872,112.94090201504689
163,2013-10-02,103.06966996884496,113.06644971210527
164,2013-10-03,101.77483486652261,111.55122765804319
165,2013-10-04,101.69481034335384,111.07503681842039
166,2013-10-07,102.68855870380905,110.233396603267
167,2013-10-08,101.2547491533317,108.6965248855379
168,2013-10-09,102.44391651511623,108.97537560640045
169,2013-10-10,103.08602857302863,110.55170517177648
170,2013-10-11,103.75422597274743,111.02919346480353
171,2013-10-14,104.43391860783855,111.55379712458887
172,2013-10-15,104.98966902564617,112.30502264564997
173,2013-10-16,105.50209124858887,114.3446957179204
174,2013-10-17,106.2150905912972,113.16882132972692
175,2013-10-18,107.13927804026868,128.78107814307452
176,2013-10-21,109.7650550739674,127.74871227749628
177,2013-10-22,109.45040984935346,128.2198150645534
178,2013-10-23,110.52256161004036,131.32752125088754
179,2013-10-24,111.9858461230108,130.58176538633455
180,2013-10-25,110.73271809261621,129.26390889129556
181,2013-10-28,111.5575749179859,129.23844318820426
182,2013-10-29,108.7789702037604,131.94289576844477
183,2013-10-30,110.50915050210598,131.20184635251502
184,2013-10-31,110.04713046502647,131.22222400304062
185,2013-11-01,109.48460080584547,130.77147342624625
186,2013-11-04,110.89939900551475,130.65256563778613
187,2013-11-05,110.62557660395376,130.06863528508487
188,2013-11-06,109.67206156730165,130.22524554305676
189,2013-11-07,107.8976688252164,128.34078351430264
190,2013-11-08,109.5961635388819,129.3695877430849
191,2013-11-11,109.27783394395631,128.67692570705486
192,2013-11-12,109.48047431109642,128.82844791246106
193,2013-11-13,109.61178526900324,131.4628634491349
194,2013-11-14,111.19635925263285,131.81429523984698
195,2013-11-15,110.52904610178882,131.60166552312683
196,2013-11-18,109.18970380610189,131.3457364790727
197,2013-11-19,109.38364905930656,130.53770285111568
198,2013-11-20,108.42571277828047,130.16922608430852
199,2013-11-21,109.71745300954105,131.66658907386505
200,2013-11-22,109.43626186735675,131.3890103661439
201,2013-11-25,110.2656873119129,133.17672307536145
202,2013-11-26,112.29945972393749,134.76577277215165
203,2013-11-27,114.94380598400689,135.36422951492796
204,2013-11-29,117.07234040044683,134.91602296441644
205,2013-12-02,116.05339094706001,134.2653628023162
206,2013-12-03,119.23079190381729,134.11002455748573
207,2013-12-04,118.95240088306987,134.73649102963614
208,2013-12-05,119.56312210592712,134.62954016470536
209,2013-12-06,117.90397646718993,136.22494992720272
210,2013-12-09,119.25348762493698,137.27797328619764
211,2013-12-10,119.06823748566778,138.10813994281537
212,2013-12-11,118.18605185824899,137.16972496786258
213,2013-12-12,118.01347595285183,136.23642348573833
214,2013-12-13,116.72704121484004,135.06881718296407
215,2013-12-16,117.37342714231394,136.62095305839026
216,2013-12-17,116.84494106481249,136.22367791406126
217,2013-12-18,115.95641832045767,138.119613501351
218,2013-12-19,114.62798176089319,138.30677751497987
219,2013-12-20,115.58812866410625,140.14030813755144
220,2013-12-23,120.0239631445069,141.98401486525435
221,2013-12-24,119.51448841781348,141.5689315369455
222,2013-12-26,118.7208750526865,142.28451524978394
223,2013-12-27,117.91871394843649,142.40421168639176
224,2013-12-30,116.7460525656481,141.2658871261331
225,2013-12-31,118.11442769939075,142.69835200521425
226,2014-01-02,116.45336618809152,141.73192730088732
227,2014-01-03,113.89538156812694,140.69800957927657
228,2014-01-06,114.51641902785678,142.26670706580404
229,2014-01-07,113.69686769573585,145.00904019739608
230,2014-01-08,114.4175305286924,145.31111787822104
231,2014-01-09,112.95616188828399,143.9117762213425
232,2014-01-10,112.20263447214764,143.90414414249395
233,2014-01-13,112.79007047463531,142.9873788312082
234,2014-01-14,115.03429411886071,146.35139566553892
235,2014-01-15,117.34395217982083,146.25207687945667
236,2014-01-16,116.6891658880364,147.219773596925
237,2014-01-17,113.83009452620472,146.49528579209658
238,2014-01-21,115.59859227579132,148.17220615669626
239,2014-01-22,116.11234087204622,148.34026453294095
240,2014-01-23,117.09547824600392,147.71379806079054
241,2014-01-24,114.96694382956396,143.09560170928037
242,2014-01-27,115.89967901765844,140.2179772599667
243,2014-01-28,106.63614043051129,142.99119487063246
244,2014-01-29,105.4254563461068,140.94249050505792
245,2014-01-30,105.22178435527941,144.568033241265
246,2014-01-31,105.39391813623917,150.3711607145356
247,2014-02-03,105.58977926200586,144.3179554576614
248,2014-02-04,107.11820344208611,144.92022823986198
249,2014-02-05,107.91830129896158,145.56195886970949
250,2014-02-06,107.90135319552805,147.6959898768106
251,2014-02-07,109.4109133996127,149.92168215088265
252,2014-02-10,111.37099840540453,149.34744453831902
253,2014-02-11,112.83840941312401,151.54385506987552
254,2014-02-12,112.83000904881347,151.09946455878827
255,2014-02-13,114.62164464395717,152.78147297595362
256,2014-02-14,114.52909326172882,153.15073839090846
257,2014-02-18,114.9501431009429,154.1795426196907
258,2014-02-19,113.13536966024209,153.09217490587739
259,2014-02-20,111.82579707667321,153.31755019427456
260,2014-02-21,110.58357478240109,153.27679489322338
261,2014-02-24,111.06784841616289,154.387109724108
262,2014-02-25,109.91198776199556,155.34078885675785
263,2014-02-26,108.92045002372734,155.36243852042486
264,2014-02-27,111.09319688390696,155.24019805753417
265,2014-02-28,110.79211014203982,154.786903454457
266,2014-03-03,111.11206085990254,153.13672080608998
267,2014-03-04,111.84480842748127,154.69269816120325
268,2014-03-05,112.08060812742616,155.11922960778494
269,2014-03-06,111.74164605875538,155.29112946371671
270,2014-03-07,111.67635901683315,154.67740856324335
271,2014-03-10,111.77731076337204,154.26741328750018
272,2014-03-11,112.86582112824259,152.79294653448923
273,2014-03-12,112.97532061390451,153.72370399033068
274,2014-03-13,111.72057146057283,151.40123695645926
275,2014-03-14,110.46567493242864,149.3308829272177
276,2014-03-17,110.89733575814024,151.78831055539402
277,2014-03-18,111.8784098847234,154.2279299995904
278,2014-03-19,111.8489349222303,152.69871580097268
279,2014-03-20,111.30998523304378,152.43261065178714
280,2014-03-21,112.18789699090107,150.63472183743824
281,2014-03-24,113.51854417265253,147.43751680647364
282,2014-03-25,114.73954449392961,147.5381076056973
283,2014-03-26,113.642781139561,144.132063457174
284,2014-03-27,113.15423363623769,141.87960802660643
285,2014-03-28,113.0279334219547,142.6270429485061
286,2014-03-31,113.00273232902309,141.90891520938482
287,2014-04-01,114.03641926365648,144.50384745814887
288,2014-04-02,114.22594327248716,144.5306106146444
289,2014-04-03,113.43424577992224,145.39110206455365
290,2014-04-04,111.96683477220274,138.71303307208728
291,2014-04-07,110.20894800911366,137.5376929294132
292,2014-04-08,110.20261089217763,141.83200929485443
293,2014-04-09,111.65101054908907,144.25646634240508
294,2014-04-10,110.21101125648816,139.0793728568169
295,2014-04-11,109.39617591836613,136.80755738623688
296,2014-04-14,109.83196323882676,138.7003129406731
297,2014-04-15,109.04881348538484,139.5907221396686
298,2014-04-16,109.26987570408316,143.45764208959196
299,2014-04-17,110.5184351152913,138.227124052064
300,2014-04-21,111.83007094623471,137.2171456177748
301,2014-04-22,111.94133892964621,138.7766337291584
302,2014-04-23,110.47834916630067,136.74395672916577
303,2014-04-24,119.53556301599605,135.96294066033258
304,2014-04-25,120.41347477385335,133.07801485558707
305,2014-04-28,125.07685596470077,133.04748654019295
306,2014-04-29,124.70635568616238,136.44376162779014
307,2014-04-30,124.23475628627261,136.0748778167777
308,2014-05-01,124.52744266382922,137.0034474100159
309,2014-05-02,124.75896849421258,135.8179311622104
310,2014-05-05,126.52319237423768,136.1893589995057
311,2014-05-06,125.14420625399752,132.94318146259636
312,2014-05-07,124.70635568616238,131.78056145133647
313,2014-05-08,123.79263184887597,132.33261515471366
314,2014-05-09,123.27726212968392,133.97351210714828
315,2014-05-12,124.81158130226278,136.9780071471874
316,2014-05-13,125.0074424280295,137.76919932115203
317,2014-05-14,125.0305802735866,135.95530858148402
318,2014-05-15,123.96741837646009,134.60951867785937
319,2014-05-16,125.79692929840746,134.4009085226661
320,2014-05-19,127.28747815168404,137.07976819850123
321,2014-05-20,127.31282661942814,137.47663629862492
322,2014-05-21,127.6495780659119,139.84512476795302
323,2014-05-22,127.85177630861462,141.30793988058852
324,2014-05-23,129.296049470777,143.4322018267635
325,2014-05-27,131.71712288996113,146.24843892187218
326,2014-05-28,131.3760975739158,145.12397930485503
327,2014-05-29,133.76990665279376,145.15196359396626
328,2014-05-30,133.2688322904109,145.42926245879633
329,2014-06-02,132.35304520574996,143.5695792460371
330,2014-06-03,134.22470532406248,141.06880141000113
331,2014-06-04,135.7574033737042,140.8779994387878
332,2014-06-05,136.2900159459547,143.7196767967249
333,2014-06-06,135.9152417978548,143.9995196878378
334,2014-06-09,138.0901992802214,145.19521204077463
335,2014-06-10,138.90076074878195,144.57701365404344
336,2014-06-11,138.32599898016628,144.37349155141592
337,2014-06-12,136.01221442445714,142.33827052514044
338,2014-06-13,134.52372881855507,142.55451275918222
339,2014-06-16,135.87957709323814,140.5065716014925
340,2014-06-17,135.70272731827947,140.07790317283326
341,2014-06-18,135.85010213074503,142.63337757395038
342,2014-06-19,135.37850273085527,143.734940954422
343,2014-06-20,133.97844201243254,144.12417697569717
344,2014-06-23,133.8605421624601,146.1008853974672
345,2014-06-24,133.04998069389956,145.65568079796947
346,2014-06-25,133.167880543872,149.06213199069802
347,2014-06-26,133.96370453118598,148.76702494188808
348,2014-06-27,135.55535250581391,149.00107535990978
349,2014-06-30,136.95541322423665,148.74158467905963
350,2014-07-01,137.8249246177834,150.47661060395947
351,2014-07-02,137.7659746927972,150.29598473787752
352,2014-07-03,138.57653616135772,150.88111078293173
353,2014-07-07,141.4326600269401,150.29089668531185
354,2014-07-08,140.521883685903,147.14648019971625
355,2014-07-09,140.58083361088921,148.40831723600704
356,2014-07-10,140.0576530266365,147.5637005101027
357,2014-07-11,140.33029642969777,149.2453018830628
358,2014-07-14,142.14300662302406,151.18130588430736
359,2014-07-15,140.47767124216332,150.876022730366
360,2014-07-16,139.68184725484934,150.255280317352
361,2014-07-17,137.19106554936909,147.76213456016458
362,2014-07-18,139.16603541121992,153.94157440119346
363,2014-07-21,138.44242508201407,152.2447088705363
364,2014-07-22,139.59342236737004,153.54979435363543
365,2014-07-23,143.23358023526913,153.96192661145622
366,2014-07-24,142.99778053532427,153.40732888179613
367,2014-07-25,143.94245308322846,152.1531239243539
368,2014-07-28,145.9305393033887,152.39226239494127
369,2014-07-29,144.9873405036092,151.1024410695392
370,2014-07-30,144.64837843493842,151.481500985683
371,2014-07-31,140.89032071706688,147.43904322224333
372,2014-08-01,141.6714072231343,145.92534758395095
373,2014-08-04,140.87558323582033,148.131018371177
374,2014-08-05,140.18292161723224,145.80832237494013
375,2014-08-06,139.94712191728735,146.15176592312412
376,2014-08-07,139.2397228174527,145.46996687932182
377,2014-08-08,139.62289732986312,147.02945499070543
378,2014-08-11,141.46508248568253,146.85391717718915
379,2014-08-12,141.43560752318942,145.54883169409
380,2014-08-13,143.3072676415019,148.71360038994834
381,2014-08-14,143.69044215391236,148.73649662649396
382,2014-08-15,144.397841253747,148.4973581559066
383,2014-08-18,146.1368640408405,150.78443778418367
384,2014-08-19,148.15589897161854,151.90635337491798
385,2014-08-20,148.21484889660476,151.47386890683444
386,2014-08-21,148.22958637785132,150.71320504826397
387,2014-08-22,149.32015999009639,150.74373336365812
388,2014-08-25,149.6443845775206,150.2425601859378
389,2014-08-26,148.68497454836987,149.61927374664094
390,2014-08-27,150.51389597106737,148.31673228982464
391,2014-08-28,150.69074574602604,147.63493324602237
392,2014-08-29,151.0591827771899,148.1539146077226
393,2014-09-02,152.2381812769143,149.749019087066
394,2014-09-03,145.8126394534163,149.97543742623915
395,2014-09-04,144.60416599119876,150.8963749406288
396,2014-09-05,145.85685189715593,152.07680313586857
397,2014-09-08,144.9578655411161,153.05625325476362
398,2014-09-09,144.41257873499356,150.59872386553602
399,2014-09-10,148.84856059020663,150.96760767654843
400,2014-09-11,149.4822722838085,150.37993760521138
401,2014-09-12,149.82123435247928,148.80009728356507
402,2014-09-15,149.7770219087396,147.9707447153578
403,2014-09-16,148.64223585275485,149.78717948130867
404,2014-09-17,149.70333450250683,150.93453533487144
405,2014-09-18,150.01282160868448,151.9470577954435
406,2014-09-19,148.7896106652204,154.01535116339593
407,2014-09-22,148.93698547768597,151.9470577954435
408,2014-09-23,151.26550751464168,150.39774578919128
409,2014-09-24,149.95387168369828,152.23962081797058
410,2014-09-25,144.2357289600349,148.8891382034646
411,2014-09-26,148.48012355904277,149.56330516841837
412,2014-09-29,147.53692475926323,149.54040893187275
413,2014-09-30,148.48012355904277,149.6930505088434
414,2014-10-01,146.1663390033336,147.45939543250608
415,2014-10-02,147.2274376530856,147.77739871786164
416,2014-10-03,146.81478817818203,149.14354083174905
417,2014-10-06,146.81478817818203,149.53277685302422
418,2014-10-07,145.53262730973174,146.0525488980932
419,2014-10-08,148.55381096527555,148.50499023475513
420,2014-10-09,148.87803555269974,145.21556425103736
421,2014-10-10,148.45064859654966,141.24179519723455
422,2014-10-13,147.0948003218666,138.58583175794507
423,2014-10-14,145.53262730973174,139.58817811338574
424,2014-10-15,143.74939207889858,137.56313319224165
425,2014-10-16,141.8629944793395,136.59385917847794
426,2014-10-17,143.94097933510378,133.04494251391012
427,2014-10-20,147.0211129156338,135.4388712460666
428,2014-10-21,151.01497033345024,136.87624609587365
429,2014-10-22,151.7813193582711,138.06176234367913
430,2014-10-23,154.49301590763724,140.85001514967652
431,2014-10-24,155.0677776762529,139.64160266532545
432,2014-10-27,154.90566538254077,139.8909172410442
433,2014-10-28,157.30787482572927,142.1958050533012
434,2014-10-29,158.1921237005226,142.07114776544182
435,2014-10-30,157.66157437564658,142.53416054891946
436,2014-10-31,159.1647974627952,144.46762052388115
437,2014-11-03,161.22804483731292,143.42456974791497
438,2014-11-04,160.04904633758852,143.53141885179446
439,2014-11-05,160.43222084999894,141.43514119473073
440,2014-11-06,160.19642115005408,140.35138599823904
441,2014-11-07,160.65328306869728,140.38445833991602
442,2014-11-10,160.3880084062593,142.01517918721922
443,2014-11-11,161.6701692747096,142.79365122976958
444,2014-11-12,163.95447886792562,142.0202672397849
445,2014-11-13,166.26826342363478,141.5597984825901
446,2014-11-14,168.27256087316627,141.24179519723455
447,2014-11-17,167.99254872948174,139.06665272540263
448,2014-11-18,170.17369595397187,138.5247751271568
449,2014-11-19,168.99469745424747,139.20911819724193
450,2014-11-20,171.41164437868252,138.33397315594348
451,2014-11-21,171.6474440786274,138.87585075418932
452,2014-11-24,174.82337128726002,139.28035093316157
453,2014-11-25,173.31277945948813,139.7255555326593
454,2014-11-26,175.37602683400584,139.34395159023268
455,2014-11-28,175.27286446527995,139.68739513841666
456,2014-12-01,169.58419670410967,137.28837835369444
457,2014-12-02,168.93574752926125,137.01871156771296
458,2014-12-03,170.8516200913134,136.60657930989217
459,2014-12-04,170.20317091646498,138.03377805456785
460,2014-12-05,169.48103433538378,134.34493994444358
461,2014-12-08,165.64928921127947,135.0191069093973
462,2014-12-09,168.18413598568694,136.38779304956756
463,2014-12-10,164.9861025551845,134.3347638393122
464,2014-12-11,164.49976567404818,135.3701825364298
465,2014-12-12,161.71438171844926,132.67351467661484
466,2014-12-15,159.4963907908427,131.2310517742421
467,2014-12-16,157.31524356635254,126.73321330617331
468,2014-12-17,161.24278231855948,128.84221109465128
469,2014-12-18,166.01772624244333,130.92068056773508
470,2014-12-19,164.73556537399304,132.2995428130367
471,2014-12-22,166.44511319859345,135.41851903580385
472,2014-12-23,165.85561394873125,137.06450404080414
473,2014-12-24,165.07452744266382,136.59640320476078
474,2014-12-26,167.99254872948174,137.76411126858633
475,2014-12-29,167.8746488795093,136.69307620350887
476,2014-12-30,165.82613898623813,136.1766388680915
477,2014-12-31,162.67231799947533,135.0012987254174
478,2015-01-02,161.12488246858703,134.71891180802166
479,2015-01-05,156.58573824464807,132.15198928863174
480,2015-01-06,156.60047572589463,128.8905475940253
481,2015-01-07,158.79636043163134,128.5114876778815
482,2015-01-08,164.89767766770515,128.9592363036621
483,2015-01-09,165.07452744266382,127.38448403458146
484,2015-01-12,161.00698261861461,126.45337041506043
485,2015-01-13,162.43651829953046,127.65923887312864
486,2015-01-14,161.81754408717512,128.70992172794337
487,2015-01-15,157.42577467570172,128.22146868163725
488,2015-01-16,156.20256373223765,129.86109362093043
489,2015-01-20,160.2258961125472,129.73007626736393
490,2015-01-21,161.44910705601126,132.38858373293627
491,2015-01-22,165.64928921127947,136.690532177226
492,2015-01-23,166.50406312357967,137.87350439874868
493,2015-01-26,166.6809128985383,136.54297865282106
494,2015-01-27,160.8448703249025,132.59210583556384
495,2015-01-28,169.937896254027,130.36353881179215
496,2015-01-29,175.22865202154028,130.56706091441973
497,2015-01-30,172.6643302846397,136.7541328342971
498,2015-02-02,174.8307400278833,135.39307877297543
499,2015-02-03,174.86021499037642,135.67292166408828
500,2015-02-04,176.20132578381293,133.84122274044037
501,2015-02-05,176.76135007118202,134.79014454394132
502,2015-02-06,175.27286446527995,135.81920317535184
503,2015-02-09,176.4371254837578,134.65022309838488
504,2015-02-10,179.82674617046547,137.41812369411952
505,2015-02-11,184.04166580698023,136.86861401702512
506,2015-02-12,186.37018784393595,138.90637906958344
507,2015-02-13,187.28391168122238,140.21655260524827
508,2015-02-17,188.389222774714,138.651976441299
509,2015-02-18,189.69348986503414,138.05158623854774
510,2015-02-19,189.3029466120004,139.01831622602862
511,2015-02-20,190.84301340226543,137.83534400450597
512,2015-02-23,196.008500579183,136.10540613217182
513,2015-02-24,194.7852896357189,137.03397572541002
514,2015-02-25,189.8040209743833,139.24219053891892
515,2015-02-26,192.1988616769485,142.28484597320073
516,2015-02-27,189.31768409324698,143.13455075167073
517,2015-03-02,190.24614541177993,146.28659931611486
518,2015-03-03,190.64405740543697,147.24696923788858
519,2015-03-04,189.43558394321943,147.12867201573636
520,2015-03-05,186.29650043770317,147.91859217655949
521,2015-03-06,186.57651258138773,145.74726574415186
522,2015-03-09,187.3723365687017,146.0525488980932
523,2015-03-10,183.4963790008577,142.42731144504
524,2015-03-11,180.1509707578897,141.3689965113768
525,2015-03-12,183.40795411337837,142.76312291437543
526,2015-03-13,182.14053072617463,140.68465344129163
527,2015-03-16,184.14482817570612,142.88269214966914
528,2015-03-17,187.22496175623615,141.85744955768288
529,2015-03-18,189.33242157449354,144.03259202951477
530,2015-03-19,187.8955171529544,143.39912948508652
531,2015-03-20,185.54488889412886,143.72476484929064
532,2015-03-23,187.47549893742757,143.83161395317006
533,2015-03-24,186.70914991260673,146.92769393939162
534,2015-03-25,181.831043619997,144.2462902372737
535,2015-03-26,183.09846700720072,143.39149740623802
536,2015-03-27,181.63945636379177,141.8421853999858
537,2015-03-30,186.23755051271695,142.7542188223855
538,2015-03-31,183.37847915088525,141.1171379093752
539,2015-04-01,183.11320448844728,139.79170021601328
540,2015-04-02,184.69011498182866,137.7106867166466
541,2015-04-06,187.68182367487935,138.38230965531753
542,2015-04-07,185.70700118784097,138.61381604705636
543,2015-04-08,185.10276445673222,139.6263385076284
544,2015-04-09,186.5175626564015,139.41772835243515
545,2015-04-10,187.3133866437155,139.55001771914306
546,2015-04-13,186.9449496125516,139.5754579819715
547,2015-04-14,186.13438814399106,137.32145069537142
548,2015-04-15,186.8417872438257,137.64199800700982
549,2015-04-16,185.94280088778586,138.2729165251552
550,2015-04-17,183.85007855077504,135.530456192249
551,2015-04-20,188.05026070604325,138.5298631797225
552,2015-04-21,187.03337450003093,138.12154696132595
553,2015-04-22,189.55348379319184,139.7128354012451
554,2015-04-23,191.1009193240801,141.8192891634402
555,2015-04-24,191.99990568012,145.94061174164804
556,2015-04-27,195.49268873555357,144.0224159243834
557,2015-04-28,192.41255515502354,143.57721132488564
558,2015-04-29,189.58295875568493,142.81909149259803
559,2015-04-30,184.43957780063724,139.6085303236485
560,2015-05-01,190.03982067432815,140.21655260524827
561,2015-05-04,189.67138364316426,140.64394902076612
562,2015-05-05,185.3975140816633,138.15207527672007
563,2015-05-06,184.23325306318546,136.1257583424346
564,2015-05-07,184.60169009434935,137.89640063529424
565,2015-05-08,188.07973566853636,139.6543227967397
566,2015-05-11,186.16386310648417,138.84786646507803
567,2015-05-12,185.49330770976593,137.05432793567277
568,2015-05-13,185.70700118784097,137.24767393316895
569,2015-05-14,190.03982067432815,139.7179234538108
570,2015-05-15,189.7745460118902,139.02849233115998
571,2015-05-18,191.867268348901,139.07428480425116
572,2015-05-19,191.69041857394234,139.73827566407354
573,2015-05-20,191.67568109269578,140.55999615343225
574,2015-05-21,193.6357660984876,141.6539274550553
575,2015-05-22,195.33057644184146,141.07134543628396
576,2015-05-26,191.02723191784736,139.2065741709591
577,2015-05-27,194.60107112013696,141.0026567266472
578,2015-05-28,194.21052786710328,140.98484854266724
579,2015-05-29,191.99990568012,138.7308412560672
580,2015-06-01,192.37571145190716,139.72046748009365
581,2015-06-02,191.52830628023025,140.92633593816186
582,2015-06-03,191.76410598017512,141.26723546006298
583,2015-06-04,190.64405740543697,140.35138599823904
584,2015-06-05,189.5976962369315,139.80187632114465
585,2015-06-08,188.34501033097433,138.26274042002382
586,2015-06-09,187.78498604360524,137.92692895068836
587,2015-06-10,189.9366583056023,140.58289238997787
588,2015-06-11,189.50927134945218,139.93162166156972
589,2015-06-12,187.41654901244138,139.2778069068787
590,2015-06-15,187.0481119812775,138.1406271584473
591,2015-06-16,188.05026070604325,138.6163600733392
592,2015-06-17,187.60813626864658,139.05647662027127
593,2015-06-18,188.46291018094678,141.4936537992361
594,2015-06-19,186.57651258138773,141.83455332113726
595,2015-06-22,188.0649981872898,142.38406299823163
596,2015-06-23,187.2102242749896,143.3278967491669
597,2015-06-24,188.80187224961756,142.10167608083594
598,2015-06-25,187.9028858935777,141.9439464512996
599,2015-06-26,186.79757480008604,140.6999175989887
600,2015-06-29,183.5258539633508,137.69542255894953
601,2015-06-30,184.8448585349175,137.38759537872536
602,2015-07-01,186.57651258138773,138.2169479469326
603,2015-07-02,186.34071288144284,139.24473456520175
604,2015-07-06,185.69226370659442,138.8071620445525
605,2015-07-07,185.23540178795122,139.92907763528686
606,2015-07-08,180.637307639026,137.80990374167754
607,2015-07-09,176.95293732738725,138.56039149511662
608,2015-07-10,181.68366880753143,141.47584561525622
609,2015-07-13,185.19118934421155,145.44961466905906
610,2015-07-14,185.11750193797877,148.61692739120025
611,2015-07-15,186.90073716881193,148.5609588129777
612,2015-07-16,189.39137149947976,153.0944136490063
613,2015-07-17,191.02723191784736,177.98516680035524
614,2015-07-20,194.63791482325337,176.2603169805868
615,2015-07-21,192.6925672987081,176.89886757758072
616,2015-07-22,184.54274016936313,176.8352669205096
617,2015-07-23,184.4543152818838,171.6530853823557
618,2015-07-24,183.48164151961114,166.5752089217984
619,2015-07-27,180.93205726395712,167.46561812079392
620,2015-07-28,181.831043619997,167.8192377741093
621,2015-07-29,181.25628185138132,168.26953042617274
622,2015-07-30,180.34255801409492,169.06581065270302
623,2015-07-31,178.76564752071351,167.2697280970149
624,2015-08-03,174.55072788419875,169.10651507322854
625,2015-08-04,168.9504850105078,168.23137003193008
626,2015-08-05,170.070533585246,171.28674559762612
627,2015-08-06,169.672621591589,170.487921344813
628,2015-08-07,170.24738336020465,169.02256220589467
629,2015-08-10,176.4371254837578,168.7045589205391
630,2015-08-11,167.25567466715398,175.61413430474434
631,2015-08-12,169.83473388530112,175.9117853798371
632,2015-08-13,169.70209655408212,174.64994834354633
633,2015-08-14,170.89583253505307,175.3775398604398
634,2015-08-17,172.6643302846397,176.58340831850802
635,2015-08-18,171.69165652236705,175.21472217833778
636,2015-08-19,169.49577181663034,176.56560013452813
637,2015-08-20,166.01772624244333,172.86149786670677
638,2015-08-21,155.86360166356687,163.8429246940236
639,2015-08-24,151.97290661447633,157.2488085688911
640,2015-08-25,152.88663045176273,155.81397774536688
641,2015-08-26,161.65543179346304,167.83958998437205
642,2015-08-27,166.41563823610034,169.93077958887008
643,2015-08-28,166.96092504222287,167.82686985295783
644,2015-08-31,166.17983853615544,164.80711065522163
645,2015-09-01,158.75214798789168,160.16171866274783
646,2015-09-02,165.56086432380013,164.0667990069139
647,2015-09-03,162.65758051822877,162.06719434859824
648,2015-09-04,161.03645758110773,160.0090770857772
649,2015-09-08,165.51665188006046,163.80476429978094
650,2015-09-09,162.33335593080457,163.68519506448726
651,2015-09-10,165.8998263924709,165.63646322342888
652,2015-09-11,168.31677331690594,166.71004231478915
653,2015-09-14,169.937896254027,165.99008287674422
654,2015-09-15,171.36743193494286,169.19555599312807
655,2015-09-16,171.55901919114805,169.31003717585608
656,2015-09-17,167.88938636075585,170.87461333980534
657,2015-09-18,167.19672474216776,168.1397850857477
658,2015-09-21,169.79052144156145,169.68146501315135
659,2015-09-22,167.12303733593498,166.17579679539188
660,2015-09-23,168.47888561061805,166.19869303193747
661,2015-09-24,169.48103433538378,166.61082528975822
662,2015-09-25,169.0536473792337,162.85584249628
663,2015-09-28,165.7082391362657,158.8108407065575
664,2015-09-29,160.72697047493006,158.39362039617103
665,2015-09-30,162.55441814950288,162.40300581793372
666,2015-10-01,161.49331949975092,163.32648735860622
667,2015-10-02,162.67231799947533,167.13998275658986
668,2015-10-05,163.26181724933753,170.87715736608817
669,2015-10-06,164.04290375540495,170.8669812609568
670,2015-10-07,163.26181724933753,170.44976095057032
671,2015-10-08,161.37541964977848,169.68655306571705
672,2015-10-09,165.23663973637593,170.76522020964302
673,2015-10-12,164.47029071155507,172.08556985043924
674,2015-10-13,164.7503028552396,173.80024356507633
675,2015-10-14,162.4217808182839,173.0980923110113
676,2015-10-15,164.8534652239655,176.306109453678
677,2015-10-16,163.64499176174797,176.8912354987322
678,2015-10-19,164.66187796776026,178.0691196676891
679,2015-10-20,167.66832414205751,172.99378723341468
680,2015-10-21,167.65358666081096,170.90768568148232
681,2015-10-22,170.21790839771154,173.28380622965892
682,2015-10-23,175.4939266839783,182.99944260384143
683,2015-10-26,169.89368381028734,185.9988495913149
684,2015-10-27,168.8178476792888,186.43133405939844
685,2015-10-28,175.77393882766282,187.47438483536462
686,2015-10-29,177.63086146472878,189.49179767766017
687,2015-10-30,176.1129008963336,187.5939540706583
688,2015-11-02,178.58879774575485,190.2270212734022
689,2015-11-03,180.637307639026,190.50177611194937
690,2015-11-04,179.7972712079724,192.15284916951535
691,2015-11-05,178.20562323334443,193.5164472571199
692,2015-11-06,178.4119479707962,193.75304170142442
693,2015-11-09,177.689811389715,192.01547175024174
694,2015-11-10,172.08956851602406,192.90333692295442
695,2015-11-11,171.1168947537514,194.68161129466262
696,2015-11-12,170.54213298513577,192.46322037602235
697,2015-11-13,165.56086432380013,188.27575311446057
698,2015-11-16,168.265192132543,190.90882031720446
699,2015-11-17,167.55042429208507,189.77927264762158
700,2015-11-18,172.85591754084493,193.3485415224522
701,2015-11-19,175.05180224658162,193.33073333847227
702,2015-11-20,175.81815127140248,197.67084217700472
703,2015-11-23,173.53384167818646,197.59452138851938
704,2015-11-24,175.19917705904717,195.79589480654843
705,2015-11-25,173.94649115309,195.70176583408318
706,2015-11-27,173.62226656566577,196.391196956734
707,2015-11-30,174.34440314674697,194.07104498677998
708,2015-12-01,172.92960494707768,199.398236023056
709,2015-12-02,171.36743193494286,197.88708441104646
710,2015-12-03,169.7757839603149,195.4320990481017
711,2015-12-04,175.4202392777455,198.2330719855133
712,2015-12-07,174.31492818425386,196.65068763758413
713,2015-12-08,174.2412407780211,197.19765328839566
714,2015-12-09,170.3947581726702,193.99472419829465
715,2015-12-10,171.20531964123074,193.35617360130072
716,2015-12-11,166.79881274851076,190.90882031720446
717,2015-12-14,165.7671890612519,193.99218017201179
718,2015-12-15,162.83443029318744,193.36889373271492
719,2015-12-16,164.08711619914462,197.5665370994081
720,2015-12-17,160.6090706249576,195.8467753322053
721,2015-12-18,156.26151365722384,192.54462921707338
722,2015-12-21,158.17738621927603,193.54951959879688
723,2015-12-22,158.03001140681047,195.15988823583734
724,2015-12-23,160.06378381883508,195.51096386286986
725,2015-12-24,159.20900990653487,194.83170884535042
726,2015-12-28,157.42577467570172,199.00391194921514
727,2015-12-29,160.2553710750403,201.9855107527087
728,2015-12-30,158.16264873802947,201.05439713318768
729,2015-12-31,155.1267276012391,197.92778883157197
730,2016-01-04,155.2593649324581,193.20353202433006
731,2016-01-05,151.36866988336757,193.73523351744453
732,2016-01-06,148.40643615281,193.17554773521877
733,2016-01-07,142.14300662302406,188.5123475587651
734,2016-01-08,142.89461816659838,185.94542503937518
735,2016-01-11,145.2084027223075,186.49493471646954
736,2016-01-12,147.3158625405649,189.61645496551955
737,2016-01-13,143.52832986020024,183.0604992346297
738,2016-01-14,146.66741336571647,186.0675383009517
739,2016-01-15,143.1451553477898,180.75052336980704
740,2016-01-19,142.4524937292017,182.93584194677032
741,2016-01-20,142.64408098540693,182.80355258006242
742,2016-01-21,141.92194440432573,184.86675789544918
743,2016-01-22,149.46753480256194,189.64698328091367
744,2016-01-25,146.54951351574402,186.63485616202598
745,2016-01-26,147.36007498430456,186.67810460883433
746,2016-01-27,137.67754980531785,182.5542380043437
747,2016-01-28,138.66496104883706,190.36948674524146
748,2016-01-29,143.45464245396747,193.68944104435332
749,2016-02-01,142.11353166053095,196.08591380279267
750,2016-02-02,139.2397228174527,198.66555645359685
751,2016-02-03,141.9956318105585,190.64424158378864
752,2016-02-04,142.3640688417224,185.72155072648488
753,2016-02-05,138.56179868011117,179.03839368145282
754,2016-02-08,140.02080932352013,179.14015473276658
755,2016-02-09,139.99133436102701,178.34133047995346
756,2016-02-10,138.93023571127503,179.8244978028517
757,2016-02-11,138.0901992802214,179.69984051499233
758,2016-02-12,138.5175862363715,179.83467390798307
759,2016-02-16,142.4230187667086,182.56950216204075
760,2016-02-17,144.60416599119876,186.21509182535667
761,2016-02-18,141.8629944793395,182.53642982036376
762,2016-02-19,141.5387698919153,183.70668191047216
763,2016-02-22,142.77671831662593,185.47223615076612
764,2016-02-23,139.54920992363037,182.4804612421412
765,2016-02-24,141.62719477939464,183.398854730248
766,2016-02-25,142.59986854166726,185.49004433474605
767,2016-02-26,142.8209307603656,184.40628913825435
768,2016-02-29,142.49670617294137,182.46265305816127
769,2016-03-01,148.15589897161854,188.8099986338579
770,2016-03-02,148.48012355904277,188.12565556377277
771,2016-03-03,149.5854346525344,186.11841882660858
772,2016-03-04,151.81079432076422,185.76988722585892
773,2016-03-07,150.13072145865692,181.33819344114409
774,2016-03-08,148.8927730339463,181.5239073597917
775,2016-03-09,149.0254103651653,184.5462105838108
776,2016-03-10,149.09909777139808,186.26597235101354
777,2016-03-11,150.70548322727257,189.49688573022587
778,2016-03-14,151.08865773968301,190.86302784411328
779,2016-03-15,154.12457887647338,190.94698071144714
780,2016-03-16,156.17308876974454,192.67437455749842
781,2016-03-17,155.9225515885531,192.959305501177
782,2016-03-18,156.09940136351176,192.17828943234377
783,2016-03-21,156.0846638822652,193.89550717326372
784,2016-03-22,157.27839986323616,193.35871762758356
785,2016-03-23,156.4088884696894,192.72525508315533
786,2016-03-24,155.73096433234787,192.03327993422167
787,2016-03-28,155.02356523251322,191.63641183409794
788,2016-03-29,158.69319806290545,194.84442897676465
789,2016-03-30,161.4638445372578,195.4677154160615
790,2016-03-31,160.62380810620417,194.08376511819418
791,2016-04-01,162.09755623085968,195.8060709116798
792,2016-04-04,163.76289161172042,194.64853895298563
793,2016-04-05,161.83228156842168,192.9822017377226
794,2016-04-06,163.52709191177553,195.3990267064247
795,2016-04-07,159.9606214501092,193.37652581156345
796,2016-04-08,160.13747122506786,193.2111641031786
797,2016-04-11,160.66802054994383,192.72016703058964
798,2016-04-12,162.76074288695466,194.4450168503581
799,2016-04-13,165.1187398864035,196.37593279903695
800,2016-04-14,165.20716477388282,197.26125394546676
801,2016-04-15,161.8912314934079,198.43405006185802
802,2016-04-18,158.39844843797434,200.38786224708244
803,2016-04-19,157.55841200692072,197.48004020579137
804,2016-04-20,157.88263659434492,197.14168471017308
805,2016-04-21,156.17308876974454,198.43405006185802
806,2016-04-22,155.74570181359442,187.6906270694064
807,2016-04-25,154.8614529388011,188.82017473898927
808,2016-04-26,153.7856168078026,184.5360344786794
809,2016-04-27,144.1620415538021,183.54132020208726
810,2016-04-28,139.75553466108212,179.36911709822257
811,2016-04-29,138.14914920520764,180.08653250998466
812,2016-05-02,138.00177439274208,181.747781672682
813,2016-05-03,140.27134650471157,180.22899798182397
814,2016-05-04,138.8123358613026,180.97439768269734
815,2016-05-05,137.41227514287988,181.82410246116734
816,2016-05-06,136.645926118059,184.48769797930538
817,2016-05-09,136.7490884867849,185.49258836102888
818,2016-05-10,137.67754980531785,188.1002153009443
819,2016-05-11,136.33643901188134,185.8538400931928
820,2016-05-12,133.1384055813789,185.22292157504737
821,2016-05-13,133.40368024381686,184.39865705940582
822,2016-05-16,138.3554739426594,185.79023943612165
823,2016-05-17,137.78071217404374,183.21822886416604
824,2016-05-18,139.35762266742515,183.6227290431383
825,2016-05-19,138.82707334254917,181.976744038138
826,2016-05-20,140.33029642969777,183.60492085915837
827,2016-05-23,142.11353166053095,182.47028513700982
828,2016-05-24,144.27994140377456,186.48475861133818
829,2016-05-25,146.81478817818203,187.77457993674025
830,2016-05-26,147.97904919665987,187.47692886164745
831,2016-05-27,147.89062430918057,190.19140490544237
832,2016-05-31,147.16848772809936,190.5094081907979
833,2016-06-01,145.10524035358165,190.41019116576697
834,2016-06-02,144.01466674133655,189.3442441532552
835,2016-06-03,144.30941636626767,187.2047180493831
836,2016-06-06,145.35577753477307,185.7291828053334
837,2016-06-07,145.94527678463527,185.99121751246636
838,2016-06-08,145.8126394534163,189.00334463135405
839,2016-06-09,146.8590006219217,188.89903955375743
840,2016-06-10,145.65052715970418,186.52546303186367
841,2016-06-13,143.45464245396747,186.19219558881107
842,2016-06-14,143.63149222892613,186.54072718956076
843,2016-06-15,143.15989282903635,186.27106040357924
844,2016-06-16,143.76412956014514,184.25110353500085
845,2016-06-17,140.49240872340988,179.16305096931217
846,2016-06-20,140.15344665473913,179.64132791048692
847,2016-06-21,141.34718263571008,180.34093513826912
848,2016-06-22,140.8166333108341,180.74543531724134
849,2016-06-23,141.62719477939464,181.86480688169286
850,2016-06-24,137.64807484282474,174.31668090049374
851,2016-06-27,135.64377739329325,173.28380622965892
852,2016-06-28,137.9280869865093,175.8583608278974
853,2016-06-29,139.12182296748026,176.8581631570552
854,2016-06-30,140.89032071706688,178.97988107694738
855,2016-07-01,141.31770767321697,180.68946673901877
856,2016-07-05,139.99133436102701,179.32586865141423
857,2016-07-06,140.787158348341,180.3638313748147
858,2016-07-07,141.39139507944975,179.92880288044833
859,2016-07-08,142.48196869169482,182.60511853000057
860,2016-07-11,142.9240931290915,185.00159128843993
861,2016-07-12,143.5725423039399,186.35246924463027
862,2016-07-13,142.76198083537938,185.58162928092844
863,2016-07-14,145.59157723471796,187.18945389168604
864,2016-07-15,145.5768397534714,187.1462054448777
865,2016-07-18,147.1242752843597,191.61605962383518
866,2016-07-19,147.18322520934592,191.66948417577493
867,2016-07-20,147.3158625405649,192.6031418215788
868,2016-07-21,146.5347760344975,191.92388680405935
869,2016-07-22,145.39998997851274,193.16282760380454
870,2016-07-25,143.45464245396747,192.71507897802394
871,2016-07-26,142.46723121044826,192.74815131970092
872,2016-07-27,151.72236943328488,193.84717067388968
873,2016-07-28,153.77087932655604,194.83170884535042
874,2016-07-29,153.57929207035082,201.31897586660347
875,2016-08-01,156.29098861971696,203.76124109813404
876,2016-08-02,153.97720406400782,203.5526309429408
877,2016-08-03,155.90781410730654,203.2473477889995
878,2016-08-04,156.02571395727898,202.82249539976448
879,2016-08-05,158.39844843797434,205.2851128415578
880,2016-08-08,159.71008426891777,204.85262837347426
881,2016-08-09,160.3585334437662,205.42503428711424
882,2016-08-10,159.1647974627952,205.6819809416815
883,2016-08-11,159.06163509406932,205.60820417947903
884,2016-08-12,159.4300721252332,205.31564115695193
885,2016-08-15,161.34594468728537,205.03834229212188
886,2016-08-16,161.1985698748198,203.82484175520514
887,2016-08-17,160.96277017487495,204.9009648728483
888,2016-08-18,160.75644543742317,204.22170985532887
889,2016-08-19,161.1690949123267,203.4330617076471
890,2016-08-22,159.91640900636952,202.74617461127914
891,2016-08-23,160.41748336875239,202.65458966509675
892,2016-08-24,159.20900990653487,201.89392580652628
893,2016-08-25,158.53108576919334,201.3087997614721
894,2016-08-26,157.6026244506604,201.79725280777822
895,2016-08-29,157.42577467570172,202.45869964131774
896,2016-08-30,156.2173012134842,201.46652939100844
897,2016-08-31,156.36467602594973,200.93991595045966
898,2016-09-01,157.29313734448272,201.33424002430056
899,2016-09-02,158.76688546913823,202.7258224010164
900,2016-09-06,158.72267302539856,205.56241170638782
901,2016-09-07,159.6953467876712,205.5547796275393
902,2016-09-08,155.50990211364956,204.24460609187446
903,2016-09-09,151.98764409572289,200.59138434970998
904,2016-09-12,155.3920022636771,203.22190752617104
905,2016-09-13,159.09111005656243,200.65244098049826
906,2016-09-14,164.72082789274648,201.09510155371316
907,2016-09-15,170.32107076643743,203.83501786033654
908,2016-09-16,169.36313448541136,203.00566529212927
909,2016-09-19,167.38831199837296,202.34930651115542
910,2016-09-20,167.3735745171264,203.4661340493241
911,2016-09-21,167.3440995546333,204.80174784781738
912,2016-09-22,168.9210100480147,207.57982454868338
913,2016-09-23,166.10615112992267,207.3279659466818
914,2016-09-26,166.3566883111141,204.1962695925004
915,2016-09-27,166.66617541729175,206.25184282903865
916,2016-09-28,167.93359880449552,206.08139306808806
917,2016-09-29,165.32506462385524,204.19372556621758
918,2016-09-30,166.60722549230556,204.55497729838146
919,2016-10-03,165.82613898623813,203.61877562629476
920,2016-10-04,166.53353808607278,204.23188596046023
921,2016-10-05,166.60722549230556,203.83501786033654
922,2016-10-06,167.84517391701618,204.30566272266273
923,2016-10-07,168.0957110982076,203.70272849362863
924,2016-10-10,171.02846986627208,207.1269878703371
925,2016-10-11,171.39690689743597,205.95673578022868
926,2016-10-12,172.92960494707768,206.51642156245444
927,2016-10-13,172.3990556222017,204.56006535094716
928,2016-10-14,173.3569919032278,204.69235471765506
929,2016-10-17,173.23909205325535,205.26221660501218
930,2016-10-18,173.1211922032829,208.98921510937913
931,2016-10-19,172.60538035965348,210.41386982777198
932,2016-10-20,172.51695547217415,209.02483147733895
933,2016-10-21,171.8390313348326,209.64302986407014
934,2016-10-24,173.3864668657209,212.61445256243232
935,2016-10-25,174.2707157405142,210.78529766506725
936,2016-10-26,170.35054572893054,209.14440071263266
937,2016-10-27,168.71468531056294,207.9359882282816
938,2016-10-28,167.59463673582474,208.49821803679018
939,2016-10-31,167.32936207338676,206.04068864756255
940,2016-11-01,164.30817841784295,204.91622903054537
941,2016-11-02,164.4555532303085,200.57612019201292
942,2016-11-03,161.8617565309148,198.9911918178009
943,2016-11-04,160.40274588750586,198.71389295297087
944,2016-11-07,162.716530443215,204.03853996296408
945,2016-11-08,163.67446672424109,206.56984611439418
946,2016-11-09,163.40919206180308,204.94421331965665
947,2016-11-10,158.85531035661757,198.5078268240605
948,2016-11-11,159.79850915639707,196.33522837851143
949,2016-11-14,155.7899142573341,191.62114767640088
950,2016-11-15,157.8531616318518,197.20274134096135
951,2016-11-16,162.09755623085968,198.42896200929232
952,2016-11-17,162.03860630587346,200.0011702520901
953,2016-11-18,162.20071859958557,197.40880746987173
954,2016-11-21,164.66187796776026,199.6551826776233
955,2016-11-22,164.76504033648615,199.70606320328017
956,2016-11-23,163.9250039054325,198.17964743357356
957,2016-11-25,164.7503028552396,198.49256266636343
958,2016-11-28,164.4260782678154,199.90704127962488
959,2016-11-29,164.2639659741033,200.83561087286304
960,2016-11-30,162.8786427369271,197.38591123332614
961,2016-12-01,161.36068216853192,194.44756087664092
962,2016-12-02,161.96491889964068,194.4806332183179
963,2016-12-05,160.80065788116283,197.98121338351172
964,2016-12-06,162.03860630587346,197.46223202181147
965,2016-12-07,163.63025428050142,201.35204820828045
966,2016-12-08,165.23663973637593,202.29333793293284
967,2016-12-09,167.93359880449552,205.92620746483456
968,2016-12-12,166.97566252346942,205.5318833909937
969,2016-12-13,169.76104647906834,207.42463894542988
970,2016-12-14,169.76104647906834,208.0733656475552
971,2016-12-15,170.68950779760132,207.50350376019804
972,2016-12-16,170.91057001629963,206.0254244898655
973,2016-12-19,171.89798125981883,206.7021354811021
974,2016-12-20,172.35484317846203,207.38902257747006
975,2016-12-21,172.51695547217415,206.62581469261676
976,2016-12-22,171.3821694161894,205.98472006933997
977,2016-12-23,171.72113148486017,205.50644312816524
978,2016-12-27,172.81170509710526,206.0483207264111
979,2016-12-28,172.0748310347775,204.68472263880653
980,2016-12-29,172.03061859103784,204.25478219700582
981,2016-12-30,170.68950779760132,201.6013627839992
982,2017-01-03,171.17584467873763,205.559867680105
983,2017-01-04,170.9842574225324,205.4988110493167
984,2017-01-05,171.85376881607917,206.83442484781
985,2017-01-06,173.76964137813133,209.93559288659722
986,2017-01-09,175.3612893527593,210.43676606431757
987,2017-01-10,175.53813912771795,210.1391149892248
988,2017-01-11,176.48133792749746,211.11856510811984
989,2017-01-12,175.7444638651697,211.03461224078598
990,2017-01-13,175.43497675899206,211.39331994666705
991,2017-01-17,176.84977495866136,210.5079988002372
992,2017-01-18,176.8350374774148,210.90486690036093
993,2017-01-19,176.52555037123713,209.7218946788383
994,2017-01-20,176.84977495866136,210.68862466631916
995,2017-01-23,176.9676748086338,214.82521140222406
996,2017-01-24,176.8055625149217,216.12266480647466
997,2017-01-25,179.62042143301372,218.3919362507718
998,2017-01-26,179.70884632049305,218.01796438719367
999,2017-01-27,179.7235838017396,214.9778529791947
1000,2017-01-30,179.25198440184982,209.5845172595647
1001,2017-01-31,178.8393349269463,208.65849169260937
1002,2017-02-01,189.74507104939707,207.39919868260142
1003,2017-02-02,189.42084646197287,208.16749462002042
1004,2017-02-03,190.2314079305334,208.6432275349123
1005,2017-02-06,192.01464316136656,209.02228745105612
1006,2017-02-07,193.8420908359394,210.95829145230064
1007,2017-02-08,194.5937023795137,211.12365316068554
1008,2017-02-09,195.15372666688276,211.16944563377675
1009,2017-02-10,194.71160222948615,212.38803422325918
1010,2017-02-13,196.43588753533308,213.4336290255082
1011,2017-02-14,198.98547179098716,213.70583983777254
1012,2017-02-15,199.70760837206834,213.0164087151217
1013,2017-02-16,199.46443993150018,214.2502614623012
1014,2017-02-17,200.01709547824598,215.36454497418706
1015,2017-02-21,201.46136864040835,216.0565201231207
1016,2017-02-22,202.06560537151717,216.58822161623516
1017,2017-02-23,201.21083145921696,216.49663667005277
1018,2017-02-24,201.40241871542216,215.68509228582542
1019,2017-02-27,201.80033070907916,216.15828117443448
1020,2017-02-28,201.8887555965585,214.95241271636627
1021,2017-03-01,206.01525034559393,217.95945178268826
1022,2017-03-02,204.79203940212983,216.20407364752566
1023,2017-03-03,206.00051286434737,216.00818362374665
1024,2017-03-06,205.35206368949895,215.54771486655184
1025,2017-03-07,205.61733835193695,216.53479706429545
1026,2017-03-08,204.85098932711605,217.16825960872367
1027,2017-03-09,204.3793899272263,218.2367506475183
1028,2017-03-10,205.0573140645678,219.1436960173523
1029,2017-03-13,205.14573895204714,219.95142436215536
1030,2017-03-14,204.8362518458695,220.28977985777368
1031,2017-03-15,207.0026615891131,220.92069837591907
1032,2017-03-16,207.34162365778388,221.330286607457
1033,2017-03-17,206.309999970525,221.9332208364911
1034,2017-03-20,208.47640971376862,220.79858511434253
1035,2017-03-21,206.0889377518267,216.27785040972816
1036,2017-03-22,208.41745978878237,216.19135351611146
1037,2017-03-23,207.6805857264546,213.60916683902445
1038,2017-03-24,207.26793625155108,212.46181098546165
1039,2017-03-27,207.62163580146841,213.3191478427802
1040,2017-03-28,211.92498032546254,213.8584814147432
1041,2017-03-29,212.39657972535227,216.20916170009136
1042,2017-03-30,212.11656758166774,216.10994467506043
1043,2017-03-31,211.71865558801073,215.68254825954259
1044,2017-04-03,211.77760551299693,217.95945178268826
1045,2017-04-04,213.3545160063784,216.89604879645933
1046,2017-04-05,212.24920491288677,215.9649351769383
1047,2017-04-06,211.71865558801073,214.9943891500332
1048,2017-04-07,211.24705618812098,214.23245327832132
1049,2017-04-10,210.99651900692953,214.13069222700753
1050,2017-04-11,208.72694689496007,213.66767944352986
1051,2017-04-12,208.9774840761515,214.06963559621929
1052,2017-04-13,207.8721729826599,213.7440002320152
1053,2017-04-17,209.02169651989118,217.54731952486748
1054,2017-04-18,208.09323520135817,217.25730052862323
1055,2017-04-19,207.32688617653733,217.8983951519
1056,2017-04-20,209.92068287593102,218.80661253487543
1057,2017-04-21,209.6701456947396,218.51913756491402
1058,2017-04-24,211.68918062551762,223.602102078037
1059,2017-04-25,213.00081645646105,226.12323212433571
1060,2017-04-26,211.74813055050384,226.19955291282105
1061,2017-04-27,211.91024284421596,226.78467895787526
1062,2017-04-28,211.70391810676418,235.2003179015243
1063,2017-05-01,216.02200011200486,237.3118597162851
1064,2017-05-02,217.39258586793446,238.39815893905964
1065,2017-05-03,216.72939921183948,241.2881727963708
1066,2017-05-04,215.94831270577205,242.8832772757142
1067,2017-05-05,219.52952064868495,241.75372960613132
1068,2017-05-08,225.4982005535398,243.8932557100034
1069,2017-05-09,226.94247371570216,243.3895385060002
1070,2017-05-10,225.86663758470365,242.91380559110831
1071,2017-05-11,226.88352379071594,243.180928350807
1072,2017-05-12,230.0520822587253,242.99012637959365
1073,2017-05-15,229.46258300886308,244.02808910299416
1074,2017-05-16,229.12362094019232,245.39931926944723
1075,2017-05-17,221.43065572949055,239.69052429074455
1076,2017-05-18,224.8055389349517,241.8096981843539
1077,2017-05-19,225.57188795977254,242.8654690917343
1078,2017-05-22,226.94247371570216,245.26194185017366
1079,2017-05-23,226.66246157201766,246.91047088145677
1080,2017-05-24,225.9845374346761,248.70655343714486
1081,2017-05-25,226.76562394074352,252.33179089019805
1082,2017-05-26,226.3824494283331,252.6904985960791
1083,2017-05-30,226.47087431581238,253.42826621810397
1084,2017-05-31,225.1297635223759,251.1182903532813
1085,2017-06-01,225.7487377347312,251.4235735072226
1086,2017-06-02,229.09414597769918,253.41554608668974
1087,2017-06-05,226.85404882822286,255.38971048217695
1088,2017-06-06,227.6203978530437,253.55801155852902
1089,2017-06-07,228.9762461277268,254.80712846340558
1090,2017-06-08,228.41622184035768,255.4914715334907
1091,2017-06-09,219.55899561117803,246.80107775129446
1092,2017-06-12,214.31245228740443,244.68699191025084
1093,2017-06-13,216.0367375932514,246.89775075004255
1094,2017-06-14,213.929277774994,246.24393599535156
1095,2017-06-15,212.64711690654372,244.2723156261472
1096,2017-06-16,209.6701456947396,243.8754475260235
1097,2017-06-19,215.66830056208752,248.0985311555451
1098,2017-06-20,213.7082155562957,246.51360278133305
1099,2017-06-21,214.97563894349943,248.95586801286362
1100,2017-06-22,214.6219393935821,248.45469483514327
1101,2017-06-23,215.5798756746082,250.86388772499686
1102,2017-06-26,214.90195153726665,247.3022509290148
1103,2017-06-27,211.8218179567366,241.1965878501884
1104,2017-06-28,214.91668901851324,244.4834698076233
1105,2017-06-29,211.74813055050384,238.58387285770726
1106,2017-06-30,212.24920491288677,236.513035463472
1107,2017-07-03,211.48285588806587,233.9130406024051
1108,2017-07-05,212.35236728161263,237.1693942444458
1109,2017-07-06,210.34806983208108,236.00677423318595
1110,2017-07-07,212.4850046128316,239.34453671627773
1111,2017-07-10,213.78190296252845,241.9368994984961
1112,2017-07-11,214.47456458111654,242.58053814805572
1113,2017-07-12,214.7840516872942,246.17524728571476
1114,2017-07-13,217.77576038034493,246.47798641337323
1115,2017-07-14,219.6474204986574,248.52847159734577
1116,2017-07-17,220.41376952347827,248.28678910047557
1117,2017-07-18,221.18011854829916,251.0826739853215
1118,2017-07-19,222.56544178547534,252.56329728193688
1119,2017-07-20,221.56329306070955,252.4157437575319
1120,2017-07-21,221.4601306919837,252.83550809420123
1121,2017-07-24,224.14235227885672,253.97268784263264
1122,2017-07-25,225.10028855988278,246.52377888646444
1123,2017-07-26,226.16138720963477,245.57740110924635
1124,2017-07-27,221.88751764813378,242.3210474672056
1125,2017-07-28,220.32534463599893,243.801670763821
1126,2017-07-31,219.19055858001417,240.5376850429317
1127,2017-08-01,233.72171508911754,240.80735182891323
1128,2017-08-02,231.58478030836702,241.0821066674604
1129,2017-08-03,229.27099575265788,239.21479137585266
1130,2017-08-04,230.47946921487537,240.6114618051342
1131,2017-08-07,234.04593967654174,240.60128570000282
1132,2017-08-08,235.91759979485425,240.20441759987912
1133,2017-08-09,237.36187295701663,239.15882279763008
1134,2017-08-10,228.90255872149402,234.96372345721977
1135,2017-08-11,232.08585467074988,236.61734054106861
1136,2017-08-14,235.57863772618347,238.866259775103
1137,2017-08-15,238.1576969443306,238.65001754106123
1138,2017-08-16,237.19976066330452,240.22476981014188
1139,2017-08-17,232.64587895811903,235.99914215433742
1140,2017-08-18,232.11532963324302,235.62262626447648
1141,2017-08-21,231.68794267709293,234.27174830828613
1142,2017-08-22,235.47547535745758,239.2402316386811
1143,2017-08-23,235.77022498238867,239.79482936834117
1144,2017-08-24,234.7238638138833,238.34727841340276
1145,2017-08-25,235.59337520743006,236.7216456186652
1146,2017-08-28,237.9661096881254,236.1187113896311
1147,2017-08-29,240.08830698762932,238.0572594171585
1148,2017-08-30,240.73675616247777,240.06195212803982
1149,2017-08-31,241.69469244350384,243.0155666424221
1150,2017-09-01,241.76837984973662,242.1887581004977
1151,2017-09-05,238.86509604416528,239.5149864772283
1152,2017-09-06,238.61455886297384,239.6523638965019
1153,2017-09-07,237.65662258194774,241.6545125811004
1154,2017-09-08,233.78066501410376,239.4971782932484
1155,2017-09-11,238.01032213186505,239.97545523442312
1156,2017-09-12,237.06712333208557,240.83024806545882
1157,2017-09-13,235.28388810125236,241.79443402665683
1158,2017-09-14,233.2648531704743,239.1715429290443
1159,2017-09-15,235.62285016992314,237.94023420814764
1160,2017-09-18,233.83961493908996,236.5308436474519
1161,2017-09-19,233.92803982656926,238.3396463345542
1162,2017-09-20,230.00786981498564,241.05666640463195
1163,2017-09-21,226.05822484090885,241.05921043091482
1164,2017-09-22,223.84760265392558,239.9678231555746
1165,2017-09-25,221.87278016688725,237.68328755358039
1166,2017-09-26,225.68978780974496,238.48465583267634
1167,2017-09-27,227.29617326561947,244.20108289022755
1168,2017-09-28,225.89611254719676,245.45019979510414
1169,2017-09-29,227.1340609719074,247.71692721311842
1170,2017-10-02,226.6771990532642,246.12691078634072
1171,2017-10-03,227.66461029678334,247.29970690273197
1172,2017-10-04,226.19086217212785,245.95137297282446
1173,2017-10-05,229.00572109021988,250.6349253595409
1174,2017-10-06,228.87308375900093,252.78462756854435
1175,2017-10-09,229.6689077463149,252.44627207292604
1176,2017-10-10,229.7573326337942,251.29891621936326
1177,2017-10-11,230.7152689148203,255.8400031342404
1178,2017-10-12,229.90470744625975,255.8400031342404
1179,2017-10-13,231.3637180896687,256.40477696903184
1180,2017-10-16,235.62285016992314,256.7812928588928
1181,2017-10-17,236.4923615634699,257.2010571955621
1182,2017-10-18,235.44600039496447,257.64371776877704
1183,2017-10-19,229.8752324837666,254.87072912047668
1184,2017-10-20,230.27314447742364,255.69244960983542
1185,2017-10-23,230.15524462745117,250.72396627944042
1186,2017-10-24,231.52583038338082,251.47445403287952
1187,2017-10-25,230.5089441773685,252.23002983888426
1188,2017-10-26,231.98269230202402,252.2198537337529
1189,2017-10-27,240.29463172508113,262.9683647787702
1190,2017-10-30,245.70328734256682,262.83098735949665
1191,2017-10-31,249.1223829917676,262.808091122951
1192,2017-11-01,245.95382452375827,265.24018024935015
1193,2017-11-02,247.75179723583798,265.33430922181543
1194,2017-11-03,254.2215515030757,267.1202156723722
1195,2017-11-06,256.8006107212228,265.26053245961293
1196,2017-11-07,257.62590967102994,267.73078198025485
1197,2017-11-08,259.7333694892873,269.23175748713294
1198,2017-11-09,259.2028201644113,266.5427217061665
1199,2017-11-10,257.41958493357816,265.6345043231911
1200,2017-11-13,256.38796124631926,264.88401656975196
1201,2017-11-14,252.5120036784753,264.9959537261972
1202,2017-11-15,249.18133291675383,263.6654279802696
1203,2017-11-16,252.15830412855797,266.7335236773798
1204,2017-11-17,250.75824341013524,263.5331386135617
1205,2017-11-20,250.5077062289438,263.2202233807718
1206,2017-11-21,255.16475030285523,267.19908048714035
1207,2017-11-22,257.84697188972825,267.6112127449611
1208,2017-11-24,257.8617093709748,268.7814648350695
1209,2017-11-27,256.56481102127793,272.72216154719536
1210,2017-11-28,255.06158793412934,270.5037706285551
1211,2017-11-29,249.77083216661606,263.9121985297055
1212,2017-11-30,253.2636152220496,263.6043713494813
1213,2017-12-01,252.0846167223252,260.7805021755241
1214,2017-12-04,250.24243156650581,257.42238748216954
1215,2017-12-05,250.00663186656092,259.3889197988082
1216,2017-12-06,249.07817054802797,262.72668228189997
1217,2017-12-07,249.53503246667117,265.7413534270705
1218,2017-12-08,249.60871987290395,266.9650300691187
1219,2017-12-11,254.47208868426713,267.62393287637536
1220,2017-12-12,253.0425530033513,266.8098444658651
1221,2017-12-13,253.88258943440493,267.4763793519704
1222,2017-12-14,253.80890202817216,269.0231473319397
1223,2017-12-15,256.38796124631926,272.71961752091255
1224,2017-12-18,259.9986441517253,276.0497479251557
1225,2017-12-19,257.2279976773729,274.6988699689654
1226,2017-12-20,256.9479855336884,273.11648562103625
1227,2017-12-21,257.920659295961,272.4270544983854
1228,2017-12-22,257.920659295961,271.9207932680994
1229,2017-12-26,251.37721762249055,271.15504135696324
1230,2017-12-27,251.42143006623022,269.7176665071562
1231,2017-12-28,252.12882916606486,268.6364553369474
1232,2017-12-29,249.40239513545217,267.98772863482213
1233,2018-01-02,253.86785195315838,273.0274447011367
1234,2018-01-03,253.8236395094187,277.68555682502466
1235,2018-01-04,255.0026380091431,278.76422396895066
1236,2018-01-05,257.9059218147145,282.4606941579235
1237,2018-01-08,256.9479855336884,283.4579524607985
1238,2018-01-09,256.91851057119527,283.0967007286346
1239,2018-01-10,256.85956064620905,282.42253376368086
1240,2018-01-11,258.31857128961803,282.9084427837041
1241,2018-01-12,260.9860553952445,287.6403316697946
1242,2018-01-16,259.6596820830545,287.6530518012088
1243,2018-01-17,263.9482891258021,289.790033878798
1244,2018-01-18,264.1840888257469,288.99375365226774
1245,2018-01-19,263.0050903260225,290.9094054432495
1246,2018-01-22,260.8534180640255,296.16536374360595
1247,2018-01-23,260.9123679890117,299.22073930930196
1248,2018-01-24,256.7563982774832,297.9792544832739
1249,2018-01-25,252.17304160980453,300.73952300016003
1250,2018-01-26,252.76254085966673,302.11838524546164
1251,2018-01-29,247.53073501713968,301.8436304069145
1252,2018-01-30,246.07172437373072,299.52602246324324
1253,2018-01-31,246.74964851107225,300.75987521042276
1254,2018-02-01,247.26546035470167,300.59960155460357
1255,2018-02-02,236.53657400720957,284.7274215759378
1256,2018-02-05,230.62684402734095,270.27480826309915
1257,2018-02-06,240.265156762588,275.88184219048804
1258,2018-02-07,235.12177580754027,268.49907791767384
